First Name,Last/Family Name,Affiliation,Affiliation Country,Track Name,Website Address,Email Address
Akash,Kumar,TUDresden,Germany,SPD,https://www.cfaed.tu-dresden.de/pd-about,akash.kumar@tu-dresden.de
Subhasis,Bhattacharjee,Synopsys Pvt. Ltd.,India,SPD,,subhasis18@gmail.com
Amit,Singh,"University of York, York",UK,SPD,http://amit-kumar-singh.com/,amit.singh@york.ac.uk
Benhaoua,Mohammed Kamal,Oran university,Algeria,SPD,http://www.lapeci.com,kbenhaoua@gmail.com
Pradip,Srimani,Clemson University,US,SPD,http://www.cs.clemson.edu/~srimani,srimani@clemson.edu
Bhabani,Sinha,Indian Statistical Institute (ISI) Kolkata,India,SPD,http://www.isical.ac.in/~bhabani/,bhabani_sinha@yahoo.com
Krishnendu,Mukhopadhyaya,Indian Statistical Institute (ISI) Kolkata,India,SPD,http://www.isical.ac.in/~krishnendu,krishnendu.mukhopadhyaya@gmail.com
Arobinda,Gupta,IIT Kharagpur,India,SPD,http://www.facweb.iitkgp.ernet.in/~agupta/,agupta@cse.iitkgp.ernet.in
Anup,Das,IMEC Netherlands,Netherlands,SPD,http://www.anupdas.com,anup.kumar.das@imec-nl.nl